003,LINEARNA ALGEBRA 2 (p),Arambašić,PON,08:00,10:00
003,MATEMATIČKA ANALIZA 2 (p),Guljaš,PON,10:00,12:00
003,UVOD U DIFERENCIJALNU GEOMETRIJU (p),Milin-Šipuš,PON,12:00,14:00
003,METODIKA NASTAVE MATEMATIKE 4 (p),Varošanec,PON,14:00,16:00
003,PROGRAMIRANJE 2 (p),Nogo,UTO,08:00,10:00
003,OSNOVE MATEMATIČKE ANALIZE (p),Guljaš,UTO,10:00,12:00
003,LINEARNA ALGEBRA 2 (p),Bakić,UTO,12:00,14:00
003,LIN. ALG. 2 (p),Arambašić,UTO,14:00,15:00
003,MAT. AN. 2 (p),Kazalicki,UTO,16:00,18:00
004,OPERATORI NA NORM. PROSTORIMA (v),Berić,PON,08:00,10:00
004,OPERATORI NA NORM. PROSTORIMA (P),Bakić,PON,10:00,12:00
004,MATEMATIČKA ANALIZA 2 (v),Lubura Strunjak,PON,12:00,14:00
004,ELEMENTARNA TEORIJA BROJEVA (p),Pejković,PON,16:00,18:00
